[{
	"Rank": "1",
	"country": "China",
	"population": "1388232693",
	"World": "0.185"
}, {
	"Rank": "2",
	"country": "India",
	"population": "1342512706",
	"World": "0.179"
}, {
	"Rank": "3",
	"country": "U.S.",
	"population": "326474013",
	"World": "0.043"
}, {
	"Rank": "4",
	"country": "Indonesia",
	"population": "263510146",
	"World": "0.035"
}, {
	"Rank": "5",
	"country": "Brazil",
	"population": "211243220",
	"World": "0.028"
}, {
	"Rank": "6",
	"country": "Pakistan",
	"population": "196744376",
	"World": "0.026"
}, {
	"Rank": "7",
	"country": "Nigeria",
	"population": "191835936",
	"World": "0.026"
}, {
	"Rank": "8",
	"country": "Bangladesh",
	"population": "164827718",
	"World": "0.022"
}, {
	"Rank": "9",
	"country": "Russia",
	"population": "143375006",
	"World": "0.019"
}, {
	"Rank": "10",
	"country": "Mexico",
	"population": "130222815",
	"World": "0.017"
}, {
	"Rank": "11",
	"country": "Japan",
	"population": "126045211",
	"World": "0.017"
}, {
	"Rank": "12",
	"country": "Ethiopia",
	"population": "104344901",
	"World": "0.014"
}, {
	"Rank": "13",
	"country": "Philippines",
	"population": "103796832",
	"World": "0.014"
}, {
	"Rank": "14",
	"country": "Viet Nam",
	"population": "95414640",
	"World": "0.013"
}, {
	"Rank": "15",
	"country": "Egypt",
	"population": "95215102",
	"World": "0.013"
}, {
	"Rank": "16",
	"country": "DR Congo",
	"population": "82242685",
	"World": "0.011"
}, {
	"Rank": "17",
	"country": "Iran",
	"population": "80945718",
	"World": "0.011"
}, {
	"Rank": "18",
	"country": "Germany",
	"population": "80636124",
	"World": "0.011"
}, {
	"Rank": "19",
	"country": "Turkey",
	"population": "80417526",
	"World": "0.011"
}, {
	"Rank": "20",
	"country": "Thailand",
	"population": "68297547",
	"World": "0.009"
}, {
	"Rank": "21",
	"country": "U.K.",
	"population": "65511098",
	"World": "0.009"
}, {
	"Rank": "22",
	"country": "France",
	"population": "64938716",
	"World": "0.009"
}, {
	"Rank": "23",
	"country": "Italy",
	"population": "59797978",
	"World": "0.008"
}, {
	"Rank": "24",
	"country": "Tanzania",
	"population": "56877529",
	"World": "0.008"
}, {
	"Rank": "25",
	"country": "South Africa",
	"population": "55436360",
	"World": "0.007"
}, {
	"Rank": "26",
	"country": "Myanmar",
	"population": "54836483",
	"World": "0.007"
}, {
	"Rank": "27",
	"country": "South Korea",
	"population": "50704971",
	"World": "0.007"
}, {
	"Rank": "28",
	"country": "Colombia",
	"population": "49067981",
	"World": "0.007"
}, {
	"Rank": "29",
	"country": "Kenya",
	"population": "48466928",
	"World": "0.006"
}, {
	"Rank": "30",
	"country": "Spain",
	"population": "46070146",
	"World": "0.006"
}, {
	"Rank": "31",
	"country": "Ukraine",
	"population": "44405055",
	"World": "0.006"
}, {
	"Rank": "32",
	"country": "Argentina",
	"population": "44272125",
	"World": "0.006"
}, {
	"Rank": "33",
	"country": "Sudan",
	"population": "42166323",
	"World": "0.006"
}, {
	"Rank": "34",
	"country": "Uganda",
	"population": "41652938",
	"World": "0.006"
}, {
	"Rank": "35",
	"country": "Algeria",
	"population": "41063753",
	"World": "0.005"
}, {
	"Rank": "36",
	"country": "Iraq",
	"population": "38654287",
	"World": "0.005"
}, {
	"Rank": "37",
	"country": "Poland",
	"population": "38563573",
	"World": "0.005"
}, {
	"Rank": "38",
	"country": "Canada",
	"population": "36626083",
	"World": "0.005"
}, {
	"Rank": "39",
	"country": "Morocco",
	"population": "35241418",
	"World": "0.005"
}, {
	"Rank": "40",
	"country": "Afghanistan",
	"population": "34169169",
	"World": "0.005"
}, {
	"Rank": "41",
	"country": "Saudi Arabia",
	"population": "32742664",
	"World": "0.004"
}, {
	"Rank": "42",
	"country": "Peru",
	"population": "32166473",
	"World": "0.004"
}, {
	"Rank": "43",
	"country": "Venezuela",
	"population": "31925705",
	"World": "0.004"
}, {
	"Rank": "44",
	"country": "Malaysia",
	"population": "31164177",
	"World": "0.004"
}, {
	"Rank": "45",
	"country": "Uzbekistan",
	"population": "30690914",
	"World": "0.004"
}, {
	"Rank": "46",
	"country": "Mozambique",
	"population": "29537914",
	"World": "0.004"
}, {
	"Rank": "47",
	"country": "Nepal",
	"population": "29187037",
	"World": "0.004"
}, {
	"Rank": "48",
	"country": "Ghana",
	"population": "28656723",
	"World": "0.004"
}, {
	"Rank": "49",
	"country": "Yemen",
	"population": "28119546",
	"World": "0.004"
}, {
	"Rank": "50",
	"country": "Angola",
	"population": "26655513",
	"World": "0.004"
}, {
	"Rank": "51",
	"country": "Madagascar",
	"population": "25612972",
	"World": "0.003"
}, {
	"Rank": "52",
	"country": "North Korea",
	"population": "25405296",
	"World": "0.003"
}, {
	"Rank": "53",
	"country": "Australia",
	"population": "24641662",
	"World": "0.003"
}, {
	"Rank": "54",
	"country": "Cameroon",
	"population": "24513689",
	"World": "0.003"
}, {
	"Rank": "55",
	"country": "Côte d'Ivoire",
	"population": "23815886",
	"World": "0.003"
}, {
	"Rank": "56",
	"country": "Niger",
	"population": "21563607",
	"World": "0.003"
}, {
	"Rank": "57",
	"country": "Sri Lanka",
	"population": "20905335",
	"World": "0.003"
}, {
	"Rank": "58",
	"country": "Romania",
	"population": "19237513",
	"World": "0.003"
}, {
	"Rank": "59",
	"country": "Burkina Faso",
	"population": "19173322",
	"World": "0.003"
}, {
	"Rank": "60",
	"country": "Syria",
	"population": "18906907",
	"World": "0.003"
}, {
	"Rank": "61",
	"country": "Mali",
	"population": "18689966",
	"World": "0.002"
}, {
	"Rank": "62",
	"country": "Chile",
	"population": "18313495",
	"World": "0.002"
}, {
	"Rank": "63",
	"country": "Malawi",
	"population": "18298679",
	"World": "0.002"
}, {
	"Rank": "64",
	"country": "Kazakhstan",
	"population": "18064470",
	"World": "0.002"
}, {
	"Rank": "65",
	"country": "Zambia",
	"population": "17237931",
	"World": "0.002"
}, {
	"Rank": "66",
	"country": "Netherlands",
	"population": "17032845",
	"World": "0.002"
}, {
	"Rank": "67",
	"country": "Guatemala",
	"population": "17005497",
	"World": "0.002"
}, {
	"Rank": "68",
	"country": "Ecuador",
	"population": "16625776",
	"World": "0.002"
}, {
	"Rank": "69",
	"country": "Zimbabwe",
	"population": "16337760",
	"World": "0.002"
}, {
	"Rank": "70",
	"country": "Cambodia",
	"population": "16076370",
	"World": "0.002"
}, {
	"Rank": "71",
	"country": "Senegal",
	"population": "16054275",
	"World": "0.002"
}, {
	"Rank": "72",
	"country": "Chad",
	"population": "14965482",
	"World": "0.002"
}, {
	"Rank": "73",
	"country": "Guinea",
	"population": "13290659",
	"World": "0.002"
}, {
	"Rank": "74",
	"country": "South Sudan",
	"population": "13096190",
	"World": "0.002"
}, {
	"Rank": "75",
	"country": "Rwanda",
	"population": "12159586",
	"World": "0.002"
}, {
	"Rank": "76",
	"country": "Burundi",
	"population": "11936481",
	"World": "0.002"
}, {
	"Rank": "77",
	"country": "Tunisia",
	"population": "11494760",
	"World": "0.002"
}, {
	"Rank": "78",
	"country": "Benin",
	"population": "11458611",
	"World": "0.002"
}, {
	"Rank": "79",
	"country": "Belgium",
	"population": "11443830",
	"World": "0.002"
}, {
	"Rank": "80",
	"country": "Somalia",
	"population": "11391962",
	"World": "0.002"
}, {
	"Rank": "81",
	"country": "Cuba",
	"population": "11390184",
	"World": "0.002"
}, {
	"Rank": "82",
	"country": "Bolivia",
	"population": "11052864",
	"World": "0.001"
}, {
	"Rank": "83",
	"country": "Haiti",
	"population": "10983274",
	"World": "0.001"
}, {
	"Rank": "84",
	"country": "Greece",
	"population": "10892931",
	"World": "0.001"
}, {
	"Rank": "85",
	"country": "Dominican Republic",
	"population": "10766564",
	"World": "0.001"
}, {
	"Rank": "86",
	"country": "Czech Republic",
	"population": "10555130",
	"World": "0.001"
}, {
	"Rank": "87",
	"country": "Portugal",
	"population": "10264797",
	"World": "0.001"
}, {
	"Rank": "88",
	"country": "Azerbaijan",
	"population": "9973697",
	"World": "0.001"
}, {
	"Rank": "89",
	"country": "Sweden",
	"population": "9920624",
	"World": "0.001"
}, {
	"Rank": "90",
	"country": "Hungary",
	"population": "9787905",
	"World": "0.001"
}, {
	"Rank": "91",
	"country": "Belarus",
	"population": "9458535",
	"World": "0.001"
}, {
	"Rank": "92",
	"country": "United Arab Emirates",
	"population": "9397599",
	"World": "0.001"
}, {
	"Rank": "93",
	"country": "Tajikistan",
	"population": "8858115",
	"World": "0.001"
}, {
	"Rank": "94",
	"country": "Serbia",
	"population": "8776940",
	"World": "0.001"
}, {
	"Rank": "95",
	"country": "Austria",
	"population": "8592400",
	"World": "0.001"
}, {
	"Rank": "96",
	"country": "Switzerland",
	"population": "8454083",
	"World": "0.001"
}, {
	"Rank": "97",
	"country": "Israel",
	"population": "8323248",
	"World": "0.001"
}, {
	"Rank": "98",
	"country": "Honduras",
	"population": "8304677",
	"World": "0.001"
}, {
	"Rank": "99",
	"country": "Papua New Guinea",
	"population": "7933841",
	"World": "0.001"
}, {
	"Rank": "100",
	"country": "Jordan",
	"population": "7876703",
	"World": "0.001"
}, {
	"Rank": "101",
	"country": "Togo",
	"population": "7691915",
	"World": "0.001"
}, {
	"Rank": "102",
	"country": "Bulgaria",
	"population": "7045259",
	"World": "0.001"
}, {
	"Rank": "103",
	"country": "Laos",
	"population": "7037521",
	"World": "0.001"
}, {
	"Rank": "104",
	"country": "Paraguay",
	"population": "6811583",
	"World": "0.001"
}, {
	"Rank": "105",
	"country": "Sierra Leone",
	"population": "6732899",
	"World": "0.001"
}, {
	"Rank": "106",
	"country": "Libya",
	"population": "6408742",
	"World": "0.001"
}, {
	"Rank": "107",
	"country": "Nicaragua",
	"population": "6217796",
	"World": "0.001"
}, {
	"Rank": "108",
	"country": "El Salvador",
	"population": "6167147",
	"World": "0.001"
}, {
	"Rank": "109",
	"country": "Kyrgyzstan",
	"population": "6124945",
	"World": "0.001"
}, {
	"Rank": "110",
	"country": "Lebanon",
	"population": "6039277",
	"World": "0.001"
}, {
	"Rank": "111",
	"country": "Singapore",
	"population": "5784538",
	"World": "0.001"
}, {
	"Rank": "112",
	"country": "Denmark",
	"population": "5711837",
	"World": "0.001"
}, {
	"Rank": "113",
	"country": "Finland",
	"population": "5541274",
	"World": "0.001"
}, {
	"Rank": "114",
	"country": "Turkmenistan",
	"population": "5502586",
	"World": "0.001"
}, {
	"Rank": "115",
	"country": "Eritrea",
	"population": "5481906",
	"World": "0.001"
}, {
	"Rank": "116",
	"country": "Slovakia",
	"population": "5432157",
	"World": "0.001"
}, {
	"Rank": "117",
	"country": "Norway",
	"population": "5330800",
	"World": "0.001"
}, {
	"Rank": "118",
	"country": "Central African Republic",
	"population": "5098826",
	"World": "0.001"
}, {
	"Rank": "119",
	"country": "State of Palestine",
	"population": "4928225",
	"World": "0.001"
}, {
	"Rank": "120",
	"country": "Costa Rica",
	"population": "4905626",
	"World": "0.001"
}, {
	"Rank": "121",
	"country": "Congo",
	"population": "4866243",
	"World": "0.001"
}, {
	"Rank": "122",
	"country": "Ireland",
	"population": "4749153",
	"World": "0.001"
}, {
	"Rank": "123",
	"country": "Oman",
	"population": "4741305",
	"World": "0.001"
}, {
	"Rank": "124",
	"country": "Liberia",
	"population": "4730437",
	"World": "0.001"
}, {
	"Rank": "125",
	"country": "New Zealand",
	"population": "4604871",
	"World": "0.001"
}, {
	"Rank": "126",
	"country": "Mauritania",
	"population": "4266448",
	"World": "0.001"
}, {
	"Rank": "127",
	"country": "Croatia",
	"population": "4209815",
	"World": "0.001"
}, {
	"Rank": "128",
	"country": "Kuwait",
	"population": "4099932",
	"World": "0.001"
}, {
	"Rank": "129",
	"country": "Moldova",
	"population": "4054640",
	"World": "0.001"
}, {
	"Rank": "130",
	"country": "Panama",
	"population": "4051284",
	"World": "0.001"
}, {
	"Rank": "131",
	"country": "Georgia",
	"population": "3972532",
	"World": "0.001"
}, {
	"Rank": "132",
	"country": "Bosnia and Herzegovina",
	"population": "3792759",
	"World": "0.001"
}, {
	"Rank": "133",
	"country": "Uruguay",
	"population": "3456877",
	"World": "0"
}, {
	"Rank": "134",
	"country": "Mongolia",
	"population": "3051900",
	"World": "0"
}, {
	"Rank": "135",
	"country": "Armenia",
	"population": "3031670",
	"World": "0"
}, {
	"Rank": "136",
	"country": "Albania",
	"population": "2911428",
	"World": "0"
}, {
	"Rank": "137",
	"country": "Lithuania",
	"population": "2830582",
	"World": "0"
}, {
	"Rank": "138",
	"country": "Jamaica",
	"population": "2813285",
	"World": "0"
}, {
	"Rank": "139",
	"country": "Namibia",
	"population": "2568569",
	"World": "0"
}, {
	"Rank": "140",
	"country": "Botswana",
	"population": "2343981",
	"World": "0"
}, {
	"Rank": "141",
	"country": "Qatar",
	"population": "2338085",
	"World": "0"
}, {
	"Rank": "142",
	"country": "Lesotho",
	"population": "2185159",
	"World": "0"
}, {
	"Rank": "143",
	"country": "Gambia",
	"population": "2120418",
	"World": "0"
}, {
	"Rank": "144",
	"country": "TFYR Macedonia",
	"population": "2083308",
	"World": "0"
}, {
	"Rank": "145",
	"country": "Slovenia",
	"population": "2071252",
	"World": "0"
}, {
	"Rank": "146",
	"country": "Latvia",
	"population": "1944565",
	"World": "0"
}, {
	"Rank": "147",
	"country": "Guinea-Bissau",
	"population": "1932871",
	"World": "0"
}, {
	"Rank": "148",
	"country": "Gabon",
	"population": "1801232",
	"World": "0"
}, {
	"Rank": "149",
	"country": "Bahrain",
	"population": "1418895",
	"World": "0"
}, {
	"Rank": "150",
	"country": "Trinidad and Tobago",
	"population": "1369157",
	"World": "0"
}, {
	"Rank": "151",
	"country": "Swaziland",
	"population": "1320356",
	"World": "0"
}, {
	"Rank": "152",
	"country": "Estonia",
	"population": "1305755",
	"World": "0"
}, {
	"Rank": "153",
	"country": "Mauritius",
	"population": "1281353",
	"World": "0"
}, {
	"Rank": "154",
	"country": "Timor-Leste",
	"population": "1237251",
	"World": "0"
}, {
	"Rank": "155",
	"country": "Cyprus",
	"population": "1187575",
	"World": "0"
}, {
	"Rank": "156",
	"country": "Djibouti",
	"population": "911382",
	"World": "0"
}, {
	"Rank": "157",
	"country": "Fiji",
	"population": "902547",
	"World": "0"
}, {
	"Rank": "158",
	"country": "Equatorial Guinea",
	"population": "894464",
	"World": "0"
}, {
	"Rank": "159",
	"country": "Comoros",
	"population": "825920",
	"World": "0"
}, {
	"Rank": "160",
	"country": "Bhutan",
	"population": "792877",
	"World": "0"
}, {
	"Rank": "161",
	"country": "Guyana",
	"population": "774407",
	"World": "0"
}, {
	"Rank": "162",
	"country": "Montenegro",
	"population": "626250",
	"World": "0"
}, {
	"Rank": "163",
	"country": "Solomon Islands",
	"population": "606215",
	"World": "0"
}, {
	"Rank": "164",
	"country": "Luxembourg",
	"population": "584103",
	"World": "0"
}, {
	"Rank": "165",
	"country": "Suriname",
	"population": "552112",
	"World": "0"
}, {
	"Rank": "166",
	"country": "Cabo Verde",
	"population": "533468",
	"World": "0"
}, {
	"Rank": "167",
	"country": "Brunei",
	"population": "434448",
	"World": "0"
}, {
	"Rank": "168",
	"country": "Malta",
	"population": "420521",
	"World": "0"
}, {
	"Rank": "169",
	"country": "Bahamas",
	"population": "397164",
	"World": "0"
}, {
	"Rank": "170",
	"country": "Maldives",
	"population": "375867",
	"World": "0"
}, {
	"Rank": "171",
	"country": "Belize",
	"population": "374651",
	"World": "0"
}, {
	"Rank": "172",
	"country": "Iceland",
	"population": "334303",
	"World": "0"
}, {
	"Rank": "173",
	"country": "Barbados",
	"population": "285744",
	"World": "0"
}, {
	"Rank": "174",
	"country": "Vanuatu",
	"population": "276331",
	"World": "0"
}, {
	"Rank": "175",
	"country": "Sao Tome and Principe",
	"population": "198481",
	"World": "0"
}, {
	"Rank": "176",
	"country": "Samoa",
	"population": "195743",
	"World": "0"
}, {
	"Rank": "177",
	"country": "Saint Lucia",
	"population": "187768",
	"World": "0"
}, {
	"Rank": "178",
	"country": "Kiribati",
	"population": "116405",
	"World": "0"
}, {
	"Rank": "179",
	"country": "St. Vincent & Grenadines",
	"population": "109895",
	"World": "0"
}, {
	"Rank": "180",
	"country": "Grenada",
	"population": "107850",
	"World": "0"
}, {
	"Rank": "181",
	"country": "Tonga",
	"population": "107797",
	"World": "0"
}, {
	"Rank": "182",
	"country": "Micronesia",
	"population": "105566",
	"World": "0"
}, {
	"Rank": "183",
	"country": "Seychelles",
	"population": "97539",
	"World": "0"
}, {
	"Rank": "184",
	"country": "Antigua and Barbuda",
	"population": "93659",
	"World": "0"
}, {
	"Rank": "185",
	"country": "Dominica",
	"population": "73353",
	"World": "0"
}, {
	"Rank": "186",
	"country": "Andorra",
	"population": "68728",
	"World": "0"
}, {
	"Rank": "187",
	"country": "Saint Kitts and Nevis",
	"population": "56780",
	"World": "0"
}, {
	"Rank": "188",
	"country": "Marshall Islands",
	"population": "53132",
	"World": "0"
}, {
	"Rank": "189",
	"country": "Liechtenstein",
	"population": "38022",
	"World": "0"
}, {
	"Rank": "190",
	"country": "Monaco",
	"population": "38010",
	"World": "0"
}, {
	"Rank": "191",
	"country": "San Marino",
	"population": "32104",
	"World": "0"
}, {
	"Rank": "192",
	"country": "Palau",
	"population": "21726",
	"World": "0"
}, {
	"Rank": "193",
	"country": "Nauru",
	"population": "10301",
	"World": "0"
}, {
	"Rank": "194",
	"country": "Tuvalu",
	"population": "9975",
	"World": "0"
}, {
	"Rank": "195",
	"country": "Holy See",
	"population": "801",
	"World": "0"
}]